SAMPNO,SUBDATE,Lead,Result (Pb),Copper,Result (Cu),ADDRESS,CITY,ZIP CODE,Site_Code,Service Line Material,Sample Location
LG13586,16-Feb-16,Lead,1,Copper,160,RASKOB  ,FLINT,48504,FS0359,Copper,KITCHEN
LG13597,16-Feb-16,Lead,8,Copper,0,FRANK ST ,FLINT,48504,FS0368,Galvanized,KITCHEN
LG13585,16-Feb-16,Lead,2,Copper,0,MT ELLIOTT AVE,FLINT,48504,FS0050,Unknown,KITCHEN
LG13587,16-Feb-16,Lead,1,Copper,0,MASON ST ,FLINT,48503,FS0381,Copper,BATHROOM
LG13588,16-Feb-16,Lead,0,Copper,0,W YORK AVE,FLINT,48505,FS0154,Copper,KITCHEN
LG13589,16-Feb-16,Lead,0,Copper,0,W CARPENTER RD,FLINT,48505,FS0002,Copper,KITCHEN
LG13590,16-Feb-16,Lead,0,Copper,0,W BUNDY AVE,FLINT,48505,FS0155,Copper,BATHROOM
LG13591,16-Feb-16,Lead,0,Copper,0,POLLY ST ,FLINT,48505,FS0001,Copper,KITCHEN
LG13592,16-Feb-16,Lead,15,Copper,280,W CARPENTER RD,FLINT,48505,FS0144,Unknown,KITCHEN
LG13593,16-Feb-16,Lead,0,Copper,0,ROBBIE LANE ,FLINT,48505,FS0156,Copper,BATHROOM
LG13594,16-Feb-16,Lead,26,Copper,0,MT ELLIOTT AVE,FLINT,48504,FS0046,Copper,KITCHEN
LG13595,16-Feb-16,Lead,2,Copper,70,CADDILAC ST ,FLINT,48504,FS0397,Copper,KITCHEN/BATHROOM
LG13596,16-Feb-16,Lead,0,Copper,0,WOODCROFT  ,FLINT,48503,FS0266,Copper,KITCHEN
LG13598,16-Feb-16,Lead,4,Copper,450,ANN ARBOR ST,FLINT,48503,FS0111,Copper,KITCHEN
LG13599,16-Feb-16,Lead,243,Copper,640,DICKENSON  ,FLINT,48504,FS0091,Copper,KITCHEN
LG13600,16-Feb-16,Lead,0,Copper,0,CHURCH  ,FLINT,48503,FS0396,Unknown,KITCHEN
LG13601,16-Feb-16,Lead,2,Copper,70,SWAYZE  ,FLINT,48503,FS0188,Copper,KITCHEN
LG13602,16-Feb-16,Lead,17,Copper,70,CHURCH ST ,FLINT,48502,FS0389,Unknown,BATHROOM
LG13603,16-Feb-16,Lead,0,Copper,190,WOODCROFT AVE ,FLINT,48503,FS0267,Copper,BATHROOM
LG13604,16-Feb-16,Lead,41,Copper,70,SOUTH DR ,FLINT,48503,FS0211,Lead,KITCHEN
LG13605,16-Feb-16,Lead,0,Copper,650,S SAGINAW ,FLINT,48502,FS0179,Plastic,
LG13606,16-Feb-16,Lead,1,Copper,0,BROWN ST ,FLINT,48503,FS0268,Galvanized,KITCHEN
LG13607,16-Feb-16,Lead,1,Copper,0,IDA AVE ,FLINT,48503,FS0269,Copper,KITCHEN
LG13608,16-Feb-16,Lead,3,Copper,100,CARTIER  ,FLINT,48504,FS0107,Copper,KITCHEN
LG13609,16-Feb-16,Lead,3,Copper,0,MAJOR ST ,FLINT,48507,FS0241,Copper,KITCHEN
LG13610,16-Feb-16,Lead,2,Copper,0,CLAIRMONT ST ,FLINT,48503,FS0196,Copper,KITCHEN
LG13611,16-Feb-16,Lead,1,Copper,0,CLINTON  ,FLINT,48507,FS0234,Copper,KITCHEN
LG13612,16-Feb-16,Lead,0,Copper,0,MILLER RD ,FLINT,48503,FS0265,Copper,KITCHEN
LG13613,16-Feb-16,Lead,0,Copper,0,E TOBIAS ,FLINT,48503,FS0226,Galvanized,KITCHEN
LG13614,16-Feb-16,Lead,0,Copper,230,MANN AVE ,FLINT,48503,FS0193,Other,KITCHEN
LG13615,16-Feb-16,Lead,1,Copper,120,E BELVIDERE AVE,FLINT,48503,FS0250,Copper,KITCHEN
LG13616,16-Feb-16,Lead,5,Copper,60,INGLESIDE AVE ,FLINT,48507,FS0243,Copper,KITCHEN
LG13617,16-Feb-16,Lead,3,Copper,60,BARNEY AVE ,FLINT,48503,FS0254,Galvanized,KITCHEN
LG13618,16-Feb-16,Lead,6,Copper,0,MIDDLETON  ,FLINT,48503,FS0206,Galvanized,KITCHEN
LG13619,16-Feb-16,Lead,2,Copper,0,BROWN ST ,FLINT,48503,FS0259,Copper,KITCHEN
LG13620,16-Feb-16,Lead,0,Copper,0,MONROE ST ,FLINT,48503,FS0240,Galvanized,KITCHEN
LG13621,16-Feb-16,Lead,0,Copper,0,KNAPP  ,FLINT,48503,FS0255,Copper,KITCHEN
LG13622,16-Feb-16,Lead,0,Copper,0,GAINEY AVE ,FLINT,48503,FS0263,Copper,KITCHEN
LG13623,16-Feb-16,Lead,4,Copper,0,KNAPP AVE ,FLINT,48505,FS0202,Galvanized,KITCHEN
LG13624,16-Feb-16,Lead,0,Copper,0,FRANK ST ,FLINT,48504,FS0093,Galvanized,KITCHEN
LG13625,16-Feb-16,Lead,9,Copper,80,FIELDING  ,FLINT,48503,FS0204,Galvanized,KITCHEN
LG13626,16-Feb-16,Lead,32,Copper,170,MOUNTAIN AVE ,FLINT,48503,FS1493,,BATHROOM
LG13627,16-Feb-16,Lead,0,Copper,50,CHURCHHILL AVE ,FLINT,48506,FS0353,Copper,KITCHEN
LG13628,16-Feb-16,Lead,5,Copper,0,E COURT ,FLINT,48503,FS0302,Copper,KITCHEN
LG13629,16-Feb-16,Lead,0,Copper,0,E COURT ST,FLINT,48503,FS0293,Copper,KITCHEN
LG13630,16-Feb-16,Lead,0,Copper,0,WOODSIDE DR ,FLINT,48503,FS0178,Unknown,BATHROOM
LG13631,16-Feb-16,Lead,7,Copper,0,MOUNTAIN AVE ,FLINT,48503,FS0295,Lead,KITCHEN
LG13632,16-Feb-16,Lead,5,Copper,70,KANSAS AVE ,FLINT,48506,FS0301,Copper,KITCHEN
LG13633,16-Feb-16,Lead,1,Copper,100,MOUNTAIN AVE ,FLINT,48503,FS0294,Copper,KITCHEN
LG13634,16-Feb-16,Lead,1,Copper,0,G COURT ,FLINT,48503,FS0306,Copper,KITCHEN
LG13635,16-Feb-16,Lead,4,Copper,150,WARNER AVE ,FLINT,48503,FS0168,Copper,KITCHEN
LG13636,16-Feb-16,Lead,4,Copper,170,E COURT ST,FLINT,48503,FS0305,Copper,KITCHEN
LG13637,16-Feb-16,Lead,4,Copper,0,E COURT ST,FLINT,48503,FS0303,Copper,KITCHEN
LG13638,16-Feb-16,Lead,7,Copper,140,MOUNTAIN AVE ,FLINT,48503,FS0401,Lead,KITCHEN
LG13639,16-Feb-16,Lead,2,Copper,170,KENNELWORTH AVE ,FLINT,48503,FS0171,Copper,KITCHEN
LG13640,16-Feb-16,Lead,0,Copper,0,ILLINOIS AVE ,FLINT,48506,FS0349,Copper,KITCHEN
LG13641,16-Feb-16,Lead,6,Copper,0,WEST ELDRIDGE AVE,FLINT,48505,FS0028,Copper,KITCHEN
LG13642,16-Feb-16,Lead,17,Copper,50,E MOORE ST,FLINT,48505,FS0018,Copper,KITCHEN
LG13643,16-Feb-16,Lead,33,Copper,110,E GENESEE ST,FLINT,48505,FS0323,Unknown,KITCHEN
LG13644,16-Feb-16,Lead,1,Copper,0,COPEMAN  ,FLINT,48504,FS0336,Lead,KITCHEN
LG13645,16-Feb-16,Lead,0,Copper,280,CLIO RD ,FLINT,48504,FS0029,Copper,BATHROOM
LG13646,16-Feb-16,Lead,2,Copper,0,JANICE DRIVE ,FLINT,48504,FS0137,Copper,KITCHEN
LG13647,16-Feb-16,Lead,0,Copper,0,EDWARDS AVE ,FLINT,48505,FS0025,Galvanized,
LG13648,16-Feb-16,Lead,11,Copper,60,  ,FLINT,48505,FS0317,Copper,KITCHEN
LG13649,16-Feb-16,Lead,2,Copper,0,KELLAR  ,FLINT,48504,FS0335,Copper,KITCHEN
LG13650,16-Feb-16,Lead,0,Copper,0,BIRCHCREST DR ,FLINT,48504,FS0027,Copper,KITCHEN
LG13651,16-Feb-16,Lead,1,Copper,0,SALLY CT ,FLINT,48505,FS0138,Copper,KITCHEN
LG13652,16-Feb-16,Lead,1,Copper,0,ORANGE LANE ,FLINT,48505,FS0139,Copper,KITCHEN
LG13653,16-Feb-16,Lead,15,Copper,120,BEECHER  ,FLINT,48503,FS0373,Copper,KITCHEN
LG13654,16-Feb-16,Lead,10,Copper,70,BUCKINGHAM AVE ,FLINT,48507,FS0230,Copper,KITCHEN
LG13655,16-Feb-16,Lead,4,Copper,0,COVENTRY  ,FLINT,48503,FS0372,Copper,BATHROOM
LG13656,16-Feb-16,Lead,1,Copper,60,WINONA ST ,FLINT,48504,FS0337,Copper,KITCHEN
LG13657,16-Feb-16,Lead,1,Copper,70,W KEARSLEY ,FLINT,48532,FS0110,Copper,KITCHEN
LG13658,16-Feb-16,Lead,11,Copper,110,NORBERT  ,FLINT,48504,FS0086,Copper,KITCHEN
LG13659,16-Feb-16,Lead,7,Copper,0,CLINTON ST ,FLINT,48507,FS0247,Lead,KITCHEN
LG13660,16-Feb-16,Lead,0,Copper,0,WESTWOOD PKWY ,FLINT,48503,FS0212,Copper,KITCHEN
LG13661,16-Feb-16,Lead,2,Copper,180,WINDEMERE AVE ,FLINT,48503,FS0291,Copper,KITCHEN
LG13662,16-Feb-16,Lead,2,Copper,0,BLANCHARD AVE ,FLINT,48503,FS0282,Copper,KITCHEN
LG13663,16-Feb-16,Lead,0,Copper,0,GIBSON  ,FLINT,48503,FS0191,Galvanized,KITCHEN
LG13664,16-Feb-16,Lead,0,Copper,160,GIBSON ST ,FLINT,48503,FS0189,Copper,KITCHEN
LG13665,16-Feb-16,Lead,8,Copper,0,OKLAHOMA AVE ,FLINT,48506,FS0344,Copper,KITCHEN
LG13666,16-Feb-16,Lead,2,Copper,0,E COURT ST,FLINT,48503,FS0289,Copper,KITCHEN
LG13667,16-Feb-16,Lead,3,Copper,140,E COURT ST,FLINT,48503,FS0292,Copper,
LG13668,16-Feb-16,Lead,4,Copper,60,S VERNON AVE,FLINT,48503,FS0290,Copper,KITCHEN
LG13669,16-Feb-16,Lead,22,Copper,150,RISEDORPH  ,FLINT,48506,FS0056,Copper,KITCHEN
LG13670,16-Feb-16,Lead,0,Copper,0,CHANDLER AVE ,FLINT,48503,FS0165,Copper,KITCHEN
LG13671,16-Feb-16,Lead,3,Copper,0,OKLAHOMA AVE ,FLINT,48506,FS0343,Copper,KITCHEN
LG13672,16-Feb-16,Lead,0,Copper,0,S CUMBERLAND ,FLINT,48503,FS0180,Copper,BATHROOM
LG13673,16-Feb-16,Lead,4,Copper,120,SALISHAN CIRCLE ,FLINT,48506,FS0063,Copper,KITCHEN
LG13674,16-Feb-16,Lead,0,Copper,0,N CENTER RD,FLINT,48506,FS0077,Copper,KITCHEN
LG13675,16-Feb-16,Lead,0,Copper,0,WOODROW AVE ,FLINT,48506,FS0057,Copper,KITCHEN
LG13676,16-Feb-16,Lead,0,Copper,0,WYOMING ST ,FLINT,48506,FS0055,Copper,KITCHEN
LG13677,16-Feb-16,Lead,2,Copper,0,W GENESEE ,FLINT,48504,FS0040,Copper,KITCHEN
LG13678,16-Feb-16,Lead,2,Copper,170,FOREST HILL ,FLINT,48504,FS0035,Unknown,KITCHEN
LG13679,16-Feb-16,Lead,0,Copper,0,KELLAR  ,FLINT,48504,FS0030,Copper,KITCHEN
LG13680,16-Feb-16,Lead,0,Copper,60,CRAIG DRIVE ,FLINT,48506,FS0061,Copper,KITCHEN
LG13681,16-Feb-16,Lead,70,Copper,240,W RANKIN ST,FLINT,48504,FS0036,Unknown,KITCHEN
LG13682,16-Feb-16,Lead,0,Copper,0,W RANKIN ST,FLINT,48505,FS0037,Copper,KITCHEN
LG13683,16-Feb-16,Lead,0,Copper,0,JAMIESON  ,FLINT,48505,FS0041,Copper,KITCHEN
LG13684,16-Feb-16,Lead,4,Copper,0,PROCTOR AVE ,FLINT,48504,FS0034,Copper,KITCHEN
LG13694,16-Feb-16,Lead,2,Copper,0,E RUTH AVE,FLINT,48505,FS0314,Copper,KITCHEN
LG13695,16-Feb-16,Lead,115,Copper,380,CONCORD ST ,FLINT,48504,FS0052,Copper,KITCHEN
LG13696,16-Feb-16,Lead,2,Copper,80,MALLORY  ,FLINT,48504,FS0097,Copper,KITCHEN
LG13697,16-Feb-16,Lead,2,Copper,110,MOUNT ELLIOTT AVE,FLINT,48504,FS0049,Unknown,BATHROOM
LG13698,16-Feb-16,Lead,3,Copper,0,WELCH BLVD ,FLINT,48504,FS0379,Galvanized,BATHROOM
LG13699,16-Feb-16,Lead,0,Copper,0,MARTIN LUTHER KING,FLINT,48503,FS0382,Plastic,BATHROOM
LG13700,16-Feb-16,Lead,0,Copper,0,RASKOB ST ,FLINT,48504,FS0364,Copper,KITCHEN
LG13701,16-Feb-16,Lead,0,Copper,0,WILCOTT  ,FLINT,48504,FS0115,Galvanized,KITCHEN
LG13702,16-Feb-16,Lead,0,Copper,0,MARTIN LUTHER KING,FLINT,48503,FS0383,Galvanized,KITCHEN
LG13703,16-Feb-16,Lead,0,Copper,0,BENNETT AVE ,FLINT,48506,FS0075,Galvanized,KITCHEN
LG13704,16-Feb-16,Lead,2,Copper,0,BENNET AVE ,FLINT,48506,FS0074,Galvanized,KITCHEN
LG13705,16-Feb-16,Lead,7,Copper,0,NELSON ST ,FLINT,48503,FS0162,Copper,BATHROOM
LG13706,16-Feb-16,Lead,10,Copper,230,BERKLEY  ,FLINT,48504,FS0108,Copper,KITCHEN
LG13707,16-Feb-16,Lead,0,Copper,50,BARTH ST ,FLINT,48504,FS0087,Galvanized,KITCHEN
LG13708,16-Feb-16,Lead,1,Copper,90,KIRK AVE ,FLINT,48503,FS0122,Copper,KITCHEN
LG13709,16-Feb-16,Lead,7,Copper,0,THOMAS ST ,FLINT,48504,FS0096,Copper,KITCHEN
LG13710,16-Feb-16,Lead,10,Copper,0,OAKLAHOMA AVE ,FLINT,48506,FS0328,Copper,KITCHEN
LG13711,16-Feb-16,Lead,58,Copper,0,BILLINGS ST ,FLINT,48505,FS0012,Galvanized,
LG13712,16-Feb-16,Lead,0,Copper,0,E LYNDON AVE,FLINT,48505,FS0013,Copper,KITCHEN
LG13713,16-Feb-16,Lead,0,Copper,0,E HOME AVE,FLINT,48502,FS0007,Copper,KITCHEN
LG13714,16-Feb-16,Lead,4,Copper,50,S FRANKLIN AVE,FLINT,48503,FS0285,Copper,BATHROOM
LG13715,16-Feb-16,Lead,0,Copper,0,E HOLBROOK AVE,FLINT,48505,FS0005,Copper,BATHROOM
LG13716,16-Feb-16,Lead,0,Copper,0,INDUSTRIAL  ,FLINT,48502,FS0014,Copper,KITCHEN
LG13717,16-Feb-16,Lead,2,Copper,0,GLOUCESTER ST ,FLINT,48503,FS0173,Copper,BATHROOM
LG13718,16-Feb-16,Lead,96,Copper,370,HILLS ST ,FLINT,48503,FS0308,Lead,KITCHEN
LG13719,16-Feb-16,Lead,3,Copper,0,MAXINE ST ,FLINT,48503,FS0281,Copper,KITCHEN
LG13720,16-Feb-16,Lead,0,Copper,0,MAXINE ST ,FLINT,48503,FS0283,Copper,KITCHEN
LG13721,16-Feb-16,Lead,0,Copper,70,E PARKWAY AVE,FLINT,48505,FS0152,Copper,KITCHEN
LG13722,16-Feb-16,Lead,0,Copper,0,WYOMING AVE ,FLINT,48506,FS0023,Galvanized,KITCHEN
LG13723,16-Feb-16,Lead,0,Copper,0,E LORADO ,FLINT,48505,FS0147,Copper,KITCHEN
LG13724,16-Feb-16,Lead,0,Copper,0,WYOMING AVE ,FLINT,48506,FS0326,Copper,KITCHEN
LG13725,16-Feb-16,Lead,82,Copper,0,CHURCH ST ,FLINT,48503,FS0238,Galvanized,KITCHEN
LG13726,16-Feb-16,Lead,1,Copper,140,E RUSSELL AVE,FLINT,48505,FS0004,Unknown,KITCHEN
LG13727,16-Feb-16,Lead,0,Copper,0,MONTANA AVE ,FLINT,48506,FS0022,Galvanized,KITCHEN
LG13728,16-Feb-16,Lead,1485,Copper,1800,LIPPINCOTT BLVD ,FLINT,48503,FS0311,Copper,
LG13729,16-Feb-16,Lead,5,Copper,0,LYNN CT ,FLINT,48503,FS0167,Copper,KITCHEN
LG13730,16-Feb-16,Lead,131,Copper,160,E COURT ST,FLINT,48503,FS0288,Copper,BATHROOM
LG13731,16-Feb-16,Lead,0,Copper,70,BARRINGTON DR ,FLINT,48503,FS0176,Copper,KITCHEN
LG13732,16-Feb-16,Lead,6,Copper,80,PIERCE ST ,FLINT,48503,FS0307,Copper,KITCHEN
LG13733,16-Feb-16,Lead,50,Copper,490,LIPPINCOTT BVLD ,FLINT,48503,FS0312,Galvanized,KITCHEN
LG13734,16-Feb-16,Lead,14,Copper,0,CLINTON ST ,FLINT,48507,FS0248,Lead,KITCHEN
LG13735,16-Feb-16,Lead,81,Copper,130,KANSAS AVE ,FLINT,48506,FS0166,Galvanized,KITCHEN
LG13736,16-Feb-16,Lead,3,Copper,140,WISCONSIN AVE ,FLINT,48506,FS0347,Copper,KITCHEN
LG13737,16-Feb-16,Lead,0,Copper,0,WASHINGTON AVE ,FLINT,48503,FS0272,Galvanized,KITCHEN
LG13738,16-Feb-16,Lead,2,Copper,0,S FRANKLIN AVE,FLINT,48503,FS0296,Unknown,KITCHEN
LG13762,16-Feb-16,Lead,12,Copper,60,LESLIE CT ,FLINT,48504,FS0141,Copper,KITCHEN
LG13739,16-Feb-16,Lead,2,Copper,60,S FRANKLIN AVE,FLINT,48503,FS0297,Lead,
LG13740,16-Feb-16,Lead,3,Copper,0,MISSOURI AVE ,FLINT,48506,FS0350,Copper,KITCHEN
LG13741,16-Feb-16,Lead,0,Copper,0,S FRANKLIN ,FLINT,48503,FS0298,Copper,KITCHEN
LG13742,16-Feb-16,Lead,5,Copper,0,CRAPO ST ,FLINT,48503,FS0273,Copper,BATHROOM
LG13743,16-Feb-16,Lead,2,Copper,80,COPEMAN  ,FLINT,48504,FS0334,Unknown,BATHROOM
LG13744,16-Feb-16,Lead,3,Copper,80,CROMWELL AVE ,FLINT,48503,FS0184,Galvanized,KITCHEN
LG13745,16-Feb-16,Lead,1,Copper,80,COMMONWEALTH AVE ,FLINT,48503,FS0181,Copper,KITCHEN
LG13746,16-Feb-16,Lead,0,Copper,0,MIEKIN RD ,FLINT,48503,FS0398,Copper,
LG13747,16-Feb-16,Lead,1,Copper,0,MASON  ,FLINT,48503,FS0113,Galvanized,BATHROOM
LG13748,16-Feb-16,Lead,3,Copper,80,SLOAN  ,FLINT,48503,FS0360,Copper,BATHROOM
LG13749,16-Feb-16,Lead,4,Copper,0,RASKOB  ,FLINT,48504,FS0362,Copper,KITCHEN
LG13750,16-Feb-16,Lead,3,Copper,0,W PATERSON ST,FLINT,48504,FS0340,Galvanized,KITCHEN
LG13751,16-Feb-16,Lead,255,Copper,170,MASON  ,FLINT,48503,FS0380,Copper,BATHROOM
LG13752,16-Feb-16,Lead,3,Copper,0,N CHEVROLET AVE,FLINT,48504,FS0102,Galvanized,KITCHEN
LG13753,16-Feb-16,Lead,3,Copper,130,W HAMILTON ,FLINT,48503,FS0124,Unknown,KITCHEN
LG13754,16-Feb-16,Lead,1,Copper,0,PONTIAC ST ,FLINT,48503,FS0377,Copper,
LG13755,16-Feb-16,Lead,0,Copper,100,SLOAN ST ,FLINT,48504,FS0363,Copper,KITCHEN
LG13756,16-Feb-16,Lead,1,Copper,90,ADAMS  ,FLINT,48505,FS0112,Galvanized,BATHROOM
LG13757,16-Feb-16,Lead,26,Copper,110,SLOAN ST ,FLINT,48504,FS0084,Galvanized,KITCHEN
LG13758,16-Feb-16,Lead,0,Copper,0,BAGLEY ST ,FLINT,48504,FS0101,Galvanized,KITCHEN
LG13759,16-Feb-16,Lead,0,Copper,90,CLEMENT  ,FLINT,48504,FS0355,Copper,KITCHEN
LG13760,16-Feb-16,Lead,0,Copper,140,N CHEVROLET AVENUE,FLINT,48504,FS0367,Copper,KITCHEN
LG13761,16-Feb-16,Lead,53,Copper,130,WELCH BLVD ,FLINT,48504,FS0044,Unknown,KITCHEN
LG13764,16-Feb-16,Lead,3,Copper,0,E AUSTIN ,FLINT,48505,FS0313,Copper,BATHROOM
LG13765,16-Feb-16,Lead,5,Copper,0,MACKIN RD ,FLINT,48504,FS0357,Copper,KITCHEN
LG13766,16-Feb-16,Lead,2,Copper,90,CAMPBELL ST ,FLINT,48507,FS0224,Lead,BATHROOM
LG13818,16-Feb-16,Lead,2,Copper,0,WOLCOTT ST ,FLINT,48504,FS0079,Galvanized,KITCHEN
LG14332,16-Feb-16,Lead,0,Copper,0,CORUNNA RD ,FLINT,48503,FS0257,,KITCHEN
LG15060,17-Feb-16,Lead,2,Copper,110,MARLEY  ,FLINT,48504,FS0088,,KITCHEN
LG16315,21-Feb-16,Lead,0,Copper,0,BAKER  ,FLINT,48505,FS2232,,KITCHEN
LG16316,21-Feb-16,Lead,1,Copper,0,JANICE DR ,FLINT,48504,FS0137,Copper,KITCHEN
LG16317,21-Feb-16,Lead,3,Copper,110,CONCORD ST ,FLINT,48504,FS0052,Copper,KITCHEN
LG16318,21-Feb-16,Lead,7,Copper,0,DAMON  ,FLINT,48505,FS0017,,KITCHEN
LG16551,22-Feb-16,Lead,0,Copper,0,BRANCH RD ,FLINT,48506,FS0351,,KITCHEN
LG17106,23-Feb-16,Lead,9,Copper,60,WINONA  ,FLINT,48504,FS0039,,KITCHEN
LG17310,24-Feb-16,Lead,3,Copper,0,E GENESEE ST,FLINT,48505,FS1964,Lead,KITCHEN
LG17311,24-Feb-16,Lead,0,Copper,0,E DARTMOUTH ,FLINT,48505,FS2004,Galvanized,KITCHEN
LG17312,24-Feb-16,Lead,2,Copper,0,MARVIN  ,FLINT,48505,FS2574,Copper,KITCHEN
LG17313,24-Feb-16,Lead,0,Copper,0,BISHOP  ,FLINT,48505,FS1977,Unknown,KITCHEN
LG17314,24-Feb-16,Lead,71,Copper,80,E RUSSELL ,FLINT,48505,FS2656,Unknown,KITCHEN
LG17315,24-Feb-16,Lead,2,Copper,0,RUSSELL  ,FLINT,48505,FS1994,Unknown,KITCHEN
LG17316,24-Feb-16,Lead,6,Copper,90,COPMAN  ,FLINT,48504,FS0404,Lead,KITCHEN
LG17317,24-Feb-16,Lead,5,Copper,0,E GENESEE ,FLINT,48505,FS2659,Galvanized,KITCHEN
LG17318,24-Feb-16,Lead,0,Copper,0,WINONA  ,FLINT,48504,FS0579,Copper,KITCHEN
LG17319,24-Feb-16,Lead,2,Copper,0,WELCH BLVD ,FLINT,48504,FS0672,Copper,KITCHEN
LG17320,24-Feb-16,Lead,6,Copper,0,E MCCLELLAN ,FLINT,48505,FS1974,Galvanized,KITCHEN
LG17321,24-Feb-16,Lead,2,Copper,0,E GNEESEE ,FLINT,48505,FS1605,,KITCHEN
LG17322,24-Feb-16,Lead,8,Copper,0,WINDEMERE  ,FLINT,48503,FS2189,Lead,KITCHEN
LG17323,24-Feb-16,Lead,2,Copper,60,E MOORE ,FLINT,48505,FS2571,Copper,KITCHEN
LG17324,24-Feb-16,Lead,25,Copper,70,WELCH BLVD ,FLINT,48506,FS0408,Lead,
LG17325,24-Feb-16,Lead,0,Copper,0,E DARTMOUTH ,FLINT,48505,FS2300,Galvanized,KITCHEN
LG17326,24-Feb-16,Lead,6,Copper,130,PIERCE ST ,FLINT,48503,FS2246,Copper,KITCHEN
LG17327,24-Feb-16,Lead,0,Copper,0,GREENFIELD  ,FLINT,48503,FS2081,,KITCHEN
LG17328,24-Feb-16,Lead,4,Copper,70,HILL  ,FLINT,48503,FS2626,Copper,KITCHEN
LG17329,24-Feb-16,Lead,1,Copper,110,CHANDLER  ,FLINT,48503,FS2344,Unknown,KITCHEN
LG17330,24-Feb-16,Lead,4,Copper,60,PIERCE  ,FLINT,48503,FS1043,Copper,KITCHEN
LG17331,24-Feb-16,Lead,0,Copper,0,GREENFIELD  ,FLINT,48503,FS1982,Unknown,KITCHEN
LG17332,24-Feb-16,Lead,0,Copper,0,MONTCLAIR AVE ,FLINT,48503,FS1229,Copper,KITCHEN
LG17333,24-Feb-16,Lead,3,Copper,80,PIERCE ST ,FLINT,48503,FS2311,Copper,KITCHEN
LG17334,24-Feb-16,Lead,5,Copper,140,WEST JACKSON AVE,FLINT,48505,FS1381,Copper,KITCHEN
LG17335,24-Feb-16,Lead,0,Copper,0,CLINTON ST ,FLINT,48507,FS2247,Copper,KITCHEN
LG17336,24-Feb-16,Lead,0,Copper,90,MOUNTAIN AVE ,FLINT,48503,FS2196,Copper,KITCHEN
LG17337,24-Feb-16,Lead,7,Copper,0,PIERCE ST ,FLINT,48503,FS1269,,KITCHEN
LG17338,24-Feb-16,Lead,0,Copper,130,CHANDLER  ,FLINT,48503,FS1972,Unknown,KITCHEN
LG17339,24-Feb-16,Lead,0,Copper,0,GREENFIELD  ,FLINT,48503,FS1976,Unknown,KITCHEN
LG17340,24-Feb-16,Lead,0,Copper,0,PIERCE ST ,FLINT,48503,FS2036,Unknown,BATHROOM
LG17341,24-Feb-16,Lead,0,Copper,110,MOUNTAIN AVE ,FLINT,48503,FS1203,Copper,KITCHEN
LG17342,24-Feb-16,Lead,0,Copper,0,HURON ST ,FLINT,48507,FS1210,Unknown,KITCHEN
LG17343,24-Feb-16,Lead,1,Copper,0,CRAWFORD ST ,FLINT,48507,FS1696,Lead,KITCHEN
LG17344,24-Feb-16,Lead,3,Copper,100,PIERCE ST ,FLINT,48503,FS2503,Copper,KITCHEN
LG17345,24-Feb-16,Lead,1,Copper,0,  ,,,FS1440,Other,
LG17346,24-Feb-16,Lead,1,Copper,80,CRAWFORD ST ,FLINT,48507,FS1551,Lead,KITCHEN
LG17347,24-Feb-16,Lead,8,Copper,0,PIERCE  ,FLINT,48503,FS2266,Lead,KITCHEN
LG17348,24-Feb-16,Lead,0,Copper,0,PIERCE ST ,FLINT,48503,FS2130,Unknown,KITCHEN
LG17349,24-Feb-16,Lead,3,Copper,0,PIERCE  ,FLINT,48503,FS1599,Unknown,KITCHEN
LG17350,24-Feb-16,Lead,3,Copper,0,CLINTON  ,FLINT,48507,FS1998,Unknown,KITCHEN
LG17351,24-Feb-16,Lead,2,Copper,0,ROOME  ,FLINT,48503,FS1744,,KITCHEN
LG17352,24-Feb-16,Lead,0,Copper,0,HURON  ,FLINT,48507,FS1968,Unknown,KITCHEN
LG17353,24-Feb-16,Lead,2,Copper,130,CRAWFORD ST ,FLINT,48507,FS1693,Lead,KITCHEN
LG17354,24-Feb-16,Lead,1,Copper,0,COPEMAN BLVD ,FLINT,48504,FS0336,Lead,KITCHEN
LG17355,24-Feb-16,Lead,37,Copper,170,WELCH BLVD ,FLINT,48504,FS0409,Lead,KITCHEN
LG17356,24-Feb-16,Lead,1,Copper,0,PIERCE ST ,FLINT,48503,FS2265,Copper,KITCHEN
LG17357,24-Feb-16,Lead,0,Copper,60,W 6TH ST,FLINT,48503,FS1333,Unknown,KITCHEN
LG17358,24-Feb-16,Lead,0,Copper,0,SUNSET DR ,FLINT,48503,FS0576,Copper,KITCHEN
LG17359,24-Feb-16,Lead,0,Copper,0,BROWN ST ,FLINT,48503,FS1745,Galvanized,KITCHEN
LG17360,24-Feb-16,Lead,0,Copper,0,NOLEN  ,FLINT,48504,FS1537,,KITCHEN
LG17361,24-Feb-16,Lead,0,Copper,0,WINONA ST ,FLINT,48504,FS0589,Copper,KITCHEN
LG17362,24-Feb-16,Lead,0,Copper,60,WINONA ST ,FLINT,48504,FS0562,Copper,KITCHEN
LG17363,24-Feb-16,Lead,2,Copper,180,CLOVERDALE  ,FLINT,48503,FS0565,Copper,KITCHEN
LG17364,24-Feb-16,Lead,0,Copper,110,PENCOMBE  ,FLINT,48503,FS0689,Copper,KITCHEN
LG17365,24-Feb-16,Lead,0,Copper,0,BRAYBYN ST ,FLINT,48503,FS1068,Copper,KITCHEN
LG17366,24-Feb-16,Lead,2,Copper,60,WESTCOMBE  ,FLINT,48503,FS0620,Copper,KITCHEN
LG17367,24-Feb-16,Lead,0,Copper,0,FERNDALE  ,FLINT,48503,FS0545,Copper,KITCHEN
LG17368,24-Feb-16,Lead,3,Copper,170,ALLENDALE PL ,FLINT,48503,FS1864,,KITCHEN
LG17369,24-Feb-16,Lead,0,Copper,0,KELLAR  ,FLINT,48504,FS0564,Copper,KITCHEN
LG17370,24-Feb-16,Lead,0,Copper,80,SHERWOOD DR ,FLINT,48503,FS2611,Copper,KITCHEN
LG17371,24-Feb-16,Lead,1,Copper,0,  ,FLINT,48504,FS0413,Copper,KITCHEN
LG17372,24-Feb-16,Lead,4,Copper,0,NORWOOD DR ,FLINT,48503,FS1701,Copper,KITCHEN
LG17373,24-Feb-16,Lead,5,Copper,140,WESTCOMBE  ,FLINT,48503,FS0633,Copper,KITCHEN
LG17374,24-Feb-16,Lead,0,Copper,0,CRAWFORD ST ,FLINT,48507,FS1726,Copper,KITCHEN
LG17375,24-Feb-16,Lead,3,Copper,60,WALDMAN  ,FLINT,48507,FS1573,Copper,KITCHEN
LG17376,24-Feb-16,Lead,0,Copper,0,CLINTON ST ,FLINT,48507,FS1672,Unknown,KITCHEN
LG17377,24-Feb-16,Lead,1,Copper,60,LELAND STREET ,FLINT,48507,FS1029,Lead,KITCHEN
LG17378,24-Feb-16,Lead,3,Copper,0,E MOORE ST,FLINT,48505,FS1088,Copper,KITCHEN
LG17379,24-Feb-16,Lead,0,Copper,0,WAGNER ST ,FLINT,48505,FS1267,Copper,KITCHEN
LG17380,24-Feb-16,Lead,0,Copper,220,CLINTON ST ,FLINT,48507,FS2242,Copper,KITCHEN
LG17381,24-Feb-16,Lead,0,Copper,0,ALVORD  ,FLINT,48507,FS2019,Copper,KITCHEN
LG17382,24-Feb-16,Lead,5,Copper,60,WEST VANWAGNOR AVE,FLINT,48505,FS2382,Copper,KITCHEN
LG17383,24-Feb-16,Lead,1,Copper,0,CRAWFORD  ,FLINT,48503,FS1633,Copper,KITCHEN
LG17384,24-Feb-16,Lead,0,Copper,50,CLINTON ST ,FLINT,48507,FS2042,Unknown,KITCHEN
LG17385,24-Feb-16,Lead,0,Copper,0,E MOORE ,FLINT,48505,FS2573,Copper,KITCHEN
LG17386,24-Feb-16,Lead,14,Copper,60,MASON ST ,FLINT,48505,FS2352,Galvanized,KITCHEN
LG17387,24-Feb-16,Lead,0,Copper,0,E BAKER STREET,FLINT,48505,FS1357,Galvanized,KITCHEN
LG17388,24-Feb-16,Lead,2,Copper,0,MASON ST ,FLINT,48505,FS1589,Galvanized,KITCHEN
LG17389,24-Feb-16,Lead,0,Copper,0,CASSINS STREET ,FLINT,48505,FS1577,Copper,KITCHEN
LG17390,24-Feb-16,Lead,0,Copper,190,MASON ST ,FLINT,48505,FS1077,Galvanized,KITCHEN
LG17391,24-Feb-16,Lead,2,Copper,80,CEDAR ST ,FLINT,48503,FS2225,Galvanized,KITCHEN
LG17392,24-Feb-16,Lead,4,Copper,0,MASON ST ,FLINT,48505,FS2365,Galvanized,KITCHEN
LG17393,24-Feb-16,Lead,7,Copper,0,CLINTON  ,FLINT,48507,FS1382,Lead,KITCHEN
LG17394,24-Feb-16,Lead,2,Copper,0,GREEN STREET ,FLINT,48503,FS1358,Galvanized,KITCHEN
LG17395,24-Feb-16,Lead,21,Copper,210,MASON ST ,FLINT,48505,FS1089,Unknown,KITCHEN
LG17396,24-Feb-16,Lead,0,Copper,90,CASSIUS ST ,FLINT,48505,FS1690,Copper,KITCHEN
LG17397,24-Feb-16,Lead,0,Copper,0,CRAWFORD ST ,FLINT,48507,FS2715,,KITCHEN
LG17398,24-Feb-16,Lead,1,Copper,0,E BAKER ,FLINT,48505,FS2059,Copper,KITCHEN
LG17399,24-Feb-16,Lead,2,Copper,0,E GENESEE ,FLINT,48505,FS2043,Galvanized,KITCHEN
LG17400,24-Feb-16,Lead,2,Copper,90,BUICK  ,FLINT,48505,FS1331,Unknown,KITCHEN
LG17401,24-Feb-16,Lead,3,Copper,0,MASON ST ,FLINT,48505,FS1060,Galvanized,KITCHEN
LG17402,24-Feb-16,Lead,0,Copper,0,CLINTON ST ,FLINT,48507,FS2134,Copper,KITCHEN
LG17403,24-Feb-16,Lead,10,Copper,0,CRAWFORD ST ,FLINT,48507,FS1084,Copper,KITCHEN
LG17404,24-Feb-16,Lead,0,Copper,0,CLINTON ST ,FLINT,48507,FS2055,Copper,
LG17405,24-Feb-16,Lead,1,Copper,0,CLINTON ST ,FLINT,48507,FS1899,Copper,KITCHEN
LG17406,24-Feb-16,Lead,6,Copper,0,CRAWFORD ST ,FLINT,48507,FS1557,Lead,KITCHEN
LG17407,24-Feb-16,Lead,3,Copper,60,CRAWFORD ST ,FLINT,48507,FS1113,Lead,KITCHEN
LG17408,24-Feb-16,Lead,8,Copper,130,JACKSON  ,FLINT,48505,FS2163,Galvanized,KITCHEN
LG17409,24-Feb-16,Lead,11,Copper,0,CEDAR ST ,FLINT,48503,FS1594,Galvanized,KITCHEN
LG17410,24-Feb-16,Lead,25,Copper,0,CLAIRMONT  ,FLINT,48503,FS2002,Galvanized,KITCHEN
LG17411,24-Feb-16,Lead,0,Copper,70,HOGARTH  ,FLINT,48532,FS2498,Copper,KITCHEN
LG17412,24-Feb-16,Lead,1,Copper,140,HERRICK ST ,FLINT,48532,FS2511,Copper,KITCHEN
LG17413,24-Feb-16,Lead,0,Copper,50,CLAIRMONT  ,FLINT,48503,FS1671,Copper,KITCHEN
LG17414,24-Feb-16,Lead,5,Copper,0,CLAIRMONT  ,FLINT,48503,FS2301,Unknown,KITCHEN
LG17415,24-Feb-16,Lead,10,Copper,110,CLAIRMONT ST ,FLINT,48503,FS2392,Lead,KITCHEN
LG17416,24-Feb-16,Lead,1,Copper,80,CLAIRMONT  ,FLINT,48503,FS1521,Copper,KITCHEN
LG17417,24-Feb-16,Lead,0,Copper,0,ARLENE AVE ,FLINT,48532,FS2492,Copper,KITCHEN
LG17418,24-Feb-16,Lead,3,Copper,150,CLAIRMONT  ,FLINT,48503,FS1125,Copper,KITCHEN
LG17419,24-Feb-16,Lead,2,Copper,0,BRANDON  ,FLINT,48503,FS1142,Copper,KITCHEN
LG17420,24-Feb-16,Lead,7,Copper,0,BRANDON ST ,FLINT,48503,FS1205,Copper,KITCHEN
LG17422,24-Feb-16,Lead,16,Copper,0,E WELLINGTON ,FLINT,48503,FS1388,Galvanized,KITCHEN
LG17423,24-Feb-16,Lead,3,Copper,80,CLAIRMONT  ,FLINT,48503,FS1384,Galvanized,KITCHEN
LG17424,24-Feb-16,Lead,10,Copper,100,HOGARTH AVE ,FLINT,48532,FS2018,Copper,KITCHEN
LG17425,24-Feb-16,Lead,5,Copper,0,E WELLINGTON AVE,FLINT,48503,FS2120,Copper,KITCHEN
LG17426,24-Feb-16,Lead,5,Copper,0,HILLS  ,FLINT,48503,FS1078,Copper,KITCHEN
LG17427,24-Feb-16,Lead,0,Copper,0,BURROUGHS  ,FLINT,48507,FS1256,Copper,KITCHEN
LG17428,24-Feb-16,Lead,0,Copper,0,BRANDON ST ,FLINT,48503,FS1214,Copper,KITCHEN
LG17429,24-Feb-16,Lead,0,Copper,90,HOGARTH AVE ,FLINT,48532,FS1659,Copper,KITCHEN
LG17430,24-Feb-16,Lead,0,Copper,0,WHITNEY AVE ,FLINT,48532,FS1666,Copper,
LG17431,24-Feb-16,Lead,44,Copper,130,E COURT ST,FLINT,48503,FS1895,Unknown,KITCHEN
LG17432,24-Feb-16,Lead,2,Copper,50,CLAIRMONT ST ,FLINT,48503,FS0196,Copper,KITCHEN
LG17433,24-Feb-16,Lead,2,Copper,0,BURROUGHS  ,FLINT,48507,FS1263,Copper,BATHROOM
LG17434,24-Feb-16,Lead,5,Copper,140,HERRICK ST ,FLINT,48532,FS1070,Copper,KITCHEN
LG17435,24-Feb-16,Lead,0,Copper,0,HOGARTH AVE ,FLINT,48532,FS1104,Copper,KITCHEN
LG17436,24-Feb-16,Lead,5,Copper,0,LARCHMONT  ,FLINT,48503,FS1227,Copper,KITCHEN
LG17437,24-Feb-16,Lead,4,Copper,150,BROOKSIDE  ,FLINT,48503,FS1840,Lead,KITCHEN
LG17438,24-Feb-16,Lead,3,Copper,0,HILLS ST ,FLINT,48503,FS1173,Unknown,KITCHEN
LG17439,24-Feb-16,Lead,0,Copper,80,CALUMET  ,FLINT,48503,FS2454,Copper,KITCHEN
LG17440,24-Feb-16,Lead,1,Copper,100,MAXINE  ,FLINT,48503,FS1656,,KITCHEN
LG17441,24-Feb-16,Lead,2,Copper,50,WHITNEY AVE ,FLINT,48532,FS2375,Copper,KITCHEN
LG17442,24-Feb-16,Lead,0,Copper,150,E GENESEE ST,FLINT,48505,FS2040,Copper,KITCHEN
LG17443,24-Feb-16,Lead,38,Copper,0,BARNEY AVE ,FLINT,48503,FS2685,Unknown,KITCHEN
LG17444,24-Feb-16,Lead,1,Copper,100,BRENTWOOD DR ,FLINT,48503,FS0651,Galvanized,KITCHEN
LG17445,24-Feb-16,Lead,0,Copper,0,E GENESEE ,FLINT,48505,FS1171,Copper,KITCHEN
LG17446,24-Feb-16,Lead,2,Copper,110,YORK  ,FLINT,48505,FS1326,Copper,KITCHEN
LG17447,24-Feb-16,Lead,0,Copper,0,COPEMAN  ,FLINT,48504,FS0561,Lead,KITCHEN
LG17448,24-Feb-16,Lead,0,Copper,90,CARPENTER RD ,FLINT,48505,FS1208,Copper,KITCHEN
LG17449,24-Feb-16,Lead,3,Copper,130,SENECA  ,FLINT,48504,FS0617,Copper,KITCHEN
LG17450,24-Feb-16,Lead,1,Copper,0,WINONA  ,FLINT,48504,FS0592,,KITCHEN
LG17451,24-Feb-16,Lead,0,Copper,70,DARYLL DR ,FLINT,48505,FS0994,Copper,KITCHEN
LG17452,24-Feb-16,Lead,4,Copper,170,WINONA ST ,FLINT,48506,FS2039,Copper,KITCHEN
LG17453,24-Feb-16,Lead,0,Copper,100,WINONA ST ,FLINT,48504,FS0583,Copper,KITCHEN
LG17454,24-Feb-16,Lead,0,Copper,70,COPEMAN  ,FLINT,48504,FS0532,Galvanized,KITCHEN
LG17455,24-Feb-16,Lead,0,Copper,0,WOLCOTT ST ,FLINT,48504,FS0518,,KITCHEN
LG17456,24-Feb-16,Lead,2,Copper,0,WINONA ST ,FLINT,48504,FS0566,Copper,KITCHEN
LG17457,24-Feb-16,Lead,0,Copper,0,WINONA  ,FLINT,48504,FS0606,Copper,KITCHEN
LG17458,24-Feb-16,Lead,0,Copper,140,BARTH ST ,FLINT,48504,FS0417,Unknown,KITCHEN
LG17459,24-Feb-16,Lead,41,Copper,350,SENECA ST ,FLINT,48504,FS0428,Copper,KITCHEN
LG17460,24-Feb-16,Lead,0,Copper,120,CLAIRMONT ST ,FLINT,48503,FS2014,,KITCHEN
LG17461,24-Feb-16,Lead,2,Copper,0,BROWN ST ,FLINT,48503,FS1576,Galvanized,KITCHEN
LG17462,24-Feb-16,Lead,12,Copper,580,COPEMAN  ,FLINT,48504,FS0426,Copper,KITCHEN
LG17463,24-Feb-16,Lead,0,Copper,0,HELBER  ,FLINT,48504,FS0711,Copper,BATHROOM
LG17464,24-Feb-16,Lead,0,Copper,0,HELBER ST ,FLINT,48504,FS0707,Copper,KITCHEN
LG17465,24-Feb-16,Lead,2,Copper,0,COPEMAN  ,FLINT,48504,FS0422,Copper,KITCHEN
LG17466,24-Feb-16,Lead,0,Copper,0,  ,FLINT,,FS0718,Copper,KITCHEN
LG17467,24-Feb-16,Lead,4,Copper,80,WELCH BLVD ,FLINT,48504,FS0656,Copper,KITCHEN
LG17468,24-Feb-16,Lead,2,Copper,0,WELCH  ,FLINT,48504,FS0663,Copper,KITCHEN
LG17470,24-Feb-16,Lead,1,Copper,300,BRENTWOOD DR ,FLINT,48503,FS0692,Copper,KITCHEN
LG17471,24-Feb-16,Lead,0,Copper,80,PENCOMBE  ,FLINT,48503,FS0648,Copper,KITCHEN
LG17472,24-Feb-16,Lead,0,Copper,90,ALLENDALE PL ,FLINT,48503,FS2354,Copper,KITCHEN
LG17474,24-Feb-16,Lead,0,Copper,70,E RUSSELL ,FLINT,48505,FS2038,Unknown,KITCHEN
LG17475,24-Feb-16,Lead,0,Copper,0,BRENTWOOD DR ,FLINT,48503,FS0629,Copper,KITCHEN
LG17476,24-Feb-16,Lead,16,Copper,70,KELLAR  ,FLINT,48504,FS0548,Copper,KITCHEN
LG17477,24-Feb-16,Lead,125,Copper,0,MCCLELLAN  ,FLINT,48505,FS2072,Galvanized,
LG17478,24-Feb-16,Lead,13,Copper,0,SENECA  ,FLINT,48504,FS0725,Galvanized,KITCHEN
LG17479,24-Feb-16,Lead,0,Copper,0,DARYLL DR ,FLINT,48505,FS0999,Copper,KITCHEN
LG17480,24-Feb-16,Lead,5,Copper,160,KELLAR  ,FLINT,48504,FS0925,Copper,KITCHEN
LG17481,24-Feb-16,Lead,0,Copper,0,E BAKER ,FLINT,48505,FS1597,Copper,KITCHEN
LG17482,24-Feb-16,Lead,0,Copper,0,WINONA  ,FLINT,48504,FS0675,Copper,KITCHEN
LG17483,24-Feb-16,Lead,3,Copper,310,WINONA ST ,FLINT,48504,FS1641,Galvanized,KITCHEN
LG17484,24-Feb-16,Lead,2,Copper,110,ALMA AVE ,FLINT,48505,FS1604,Copper,KITCHEN
LG17485,24-Feb-16,Lead,0,Copper,0,E CARPENTER RD,FLINT,48505,FS2224,Copper,KITCHEN
LG17486,24-Feb-16,Lead,5,Copper,0,COPEMAN  ,FLINT,48504,FS0547,Copper,KITCHEN
LG17487,24-Feb-16,Lead,0,Copper,190,ARLENE AVE ,FLINT,48532,FS2364,Copper,KITCHEN
LG17488,24-Feb-16,Lead,3207,Copper,420,N BALLENGER HWY,FLINT,48504,FS0421,Unknown,KITCHEN
LG17489,24-Feb-16,Lead,41,Copper,460,WHITNEY AVE ,FLINT,48532,FS1041,Copper,KITCHEN
LG17490,24-Feb-16,Lead,0,Copper,60,PENCOMBE  ,FLINT,48503,FS0674,Copper,KITCHEN
LG17491,24-Feb-16,Lead,0,Copper,0,ELDORADO DR ,FLINT,48504,FS0585,Copper,KITCHEN
LG17492,24-Feb-16,Lead,30,Copper,60,THOMAS ST ,FLINT,48504,FS0431,Unknown,KITCHEN
LG17493,24-Feb-16,Lead,7,Copper,250,HELBER ST ,FLINT,48504,FS0714,Copper,KITCHEN
LG17494,24-Feb-16,Lead,0,Copper,0,DUPONT  ,FLINT,48504,FS1422,Galvanized,KITCHEN
LG17495,24-Feb-16,Lead,4,Copper,70,WESTCOMBE  ,FLINT,48503,FS0608,Copper,KITCHEN
LG17496,24-Feb-16,Lead,1,Copper,0,WELCH BLVD ,FLINT,48504,FS0632,Copper,KITCHEN
LG17497,24-Feb-16,Lead,0,Copper,0,ALLENDALE PL ,FLINT,48503,FS2340,Copper,KITCHEN
LG17498,24-Feb-16,Lead,0,Copper,0,COPEMAN  ,FLINT,48504,FS0424,Copper,
LG17499,24-Feb-16,Lead,3,Copper,140,E RUSSELL AVE,FLINT,48505,FS2129,Unknown,
LG17500,24-Feb-16,Lead,0,Copper,0,  ,FLINT,,FS1080,Galvanized,
LG17501,24-Feb-16,Lead,1,Copper,160,CRESCENT DR ,FLINT,48503,FS2306,Unknown,
LG17502,24-Feb-16,Lead,0,Copper,0,NOLEN  ,FLINT,48504,FS1756,Copper,KITCHEN
LG17504,24-Feb-16,Lead,4,Copper,90,FRANK  ,FLINT,48504,FS2316,Copper,KITCHEN
LG17505,24-Feb-16,Lead,0,Copper,0,FRANK  ,FLINT,48504,FS2245,Copper,KITCHEN
LG17506,24-Feb-16,Lead,4,Copper,70,FRANK ST ,FLINT,48504,FS2051,,KITCHEN
LG17507,24-Feb-16,Lead,7,Copper,130,FRANK  ,FLINT,48505,FS2050,Galvanized,KITCHEN
LG17508,24-Feb-16,Lead,3,Copper,0,FRANK ST ,FLINT,48504,FS2261,Copper,
LG17509,24-Feb-16,Lead,8,Copper,80,DICKINSON  ,FLINT,48504,FS2710,Unknown,KITCHEN
LG17536,24-Feb-16,Lead,1,Copper,530,THOMAS ST ,FLINT,48504,FS2330,Galvanized,KITCHEN
LG17537,24-Feb-16,Lead,3,Copper,0,BARTH ST ,FLINT,48504,FS0415,Unknown,KITCHEN
LG17538,24-Feb-16,Lead,5,Copper,60,HILL ST ,FLINT,48503,FS2199,Unknown,KITCHEN
LG17539,24-Feb-16,Lead,9,Copper,90,N BALLENGER HWY,FLINT,48504,FS0543,Copper,KITCHEN
LG17540,24-Feb-16,Lead,11,Copper,0,COPEMAN BLVD ,FLINT,48504,FS0432,Copper,KITCHEN
LG17541,24-Feb-16,Lead,971,Copper,11650,STEVENSON  ,FLINT,48504,FS0510,Unknown,BASEMENT
LG17542,24-Feb-16,Lead,2,Copper,280,BROOKSIDE  ,FLINT,48503,FS2601,,KITCHEN
LG17543,24-Feb-16,Lead,2,Copper,0,E COURT ST,FLINT,48503,FS2126,Unknown,KITCHEN
LG17544,24-Feb-16,Lead,119,Copper,890,HILLS ST ,FLINT,48503,FS2303,Unknown,KITCHEN
LG17545,24-Feb-16,Lead,1,Copper,370,COPEMAN  ,FLINT,48504,FS0536,Copper,KITCHEN
LG17546,24-Feb-16,Lead,0,Copper,0,CALUMET  ,FLINT,48503,FS2054,Unknown,KITCHEN
LG17547,24-Feb-16,Lead,6,Copper,0,E COURT ST,FLINT,48503,FS1901,Unknown,KITCHEN
LG17548,24-Feb-16,Lead,12,Copper,70,HILLS ST ,FLINT,48503,FS0997,Unknown,KITCHEN
LG17549,24-Feb-16,Lead,16,Copper,100,HILLS ST ,FLINT,48503,FS1752,Galvanized,KITCHEN
LG17550,24-Feb-16,Lead,1,Copper,0,E COURT ST,FLINT,48503,FS2037,Copper,KITCHEN
LG17551,24-Feb-16,Lead,0,Copper,50,PIERCE ST ,FLINT,48503,FS2262,Copper,KITCHEN
LG17552,24-Feb-16,Lead,0,Copper,100,ROOME  ,FLINT,48503,FS1336,Unknown,KITCHEN
LG17553,24-Feb-16,Lead,2,Copper,0,CHALMERS  ,FLINT,48503,FS1129,Unknown,KITCHEN
LG17554,24-Feb-16,Lead,172,Copper,70,CHALMERS  ,FLINT,48503,FS2060,Unknown,KITCHEN
LG17555,24-Feb-16,Lead,1,Copper,250,PIERCE  ,FLINT,48503,FS2230,Unknown,KITCHEN
LG17556,24-Feb-16,Lead,3,Copper,70,PIERCE  ,FLINT,48503,FS1721,Copper,KITCHEN
LG17557,24-Feb-16,Lead,4,Copper,80,PIERCE ST ,FLINT,48503,FS1131,Lead,KITCHEN
LG17558,24-Feb-16,Lead,1,Copper,60,ZIMMERMAN  ,FLINT,48503,FS2711,Unknown,KITCHEN
LG17559,24-Feb-16,Lead,1,Copper,120,MOUNTAIN AVE ,FLINT,48503,FS2226,Copper,KITCHEN
LG17560,24-Feb-16,Lead,1,Copper,70,WINDEMERE  ,FLINT,48503,FS1995,Unknown,KITCHEN
LG17561,24-Feb-16,Lead,12,Copper,0,HILLS ST ,FLINT,48503,FS1675,Galvanized,KITCHEN
LG17562,24-Feb-16,Lead,0,Copper,0,GREENFIELD  ,FLINT,48503,FS1228,Unknown,KITCHEN
LG17563,24-Feb-16,Lead,0,Copper,0,CHAMBERS ST ,FLINT,48507,FS1971,Copper,KITCHEN
LG17564,24-Feb-16,Lead,0,Copper,60,  ,FLINT,,FS1418,Unknown,KITCHEN
LG17565,24-Feb-16,Lead,0,Copper,0,COPEMAN  ,FLINT,48504,FS0538,Copper,KITCHEN
LG17566,24-Feb-16,Lead,0,Copper,60,GREENFIELD  ,FLINT,48503,FS2123,Unknown,KITCHEN
LG17567,24-Feb-16,Lead,2,Copper,0,CHICAGO BLVD ,FLINT,48503,FS2363,Copper,KITCHEN
LG17568,24-Feb-16,Lead,3,Copper,0,WINDEMERE  ,FLINT,48503,FS2056,Copper,KITCHEN
LG17569,24-Feb-16,Lead,19,Copper,120,E COURT ,FLINT,48506,FS1313,Lead,KITCHEN
LG17570,24-Feb-16,Lead,0,Copper,0,CHALMERS  ,FLINT,48503,FS2077,Unknown,KITCHEN
LG17571,24-Feb-16,Lead,0,Copper,0,KENNEL WORTH ,FLINT,48503,FS1387,Unknown,BATHROOM
LG17572,24-Feb-16,Lead,0,Copper,200,CLINTON ST ,FLINT,48507,FS1515,Unknown,KITCHEN
LG17573,24-Feb-16,Lead,6,Copper,80,WHITNEY AVE ,FLINT,48532,FS1075,Galvanized,KITCHEN
LG17574,24-Feb-16,Lead,16,Copper,100,HILLS ST ,FLINT,48503,FS1664,Copper,KITCHEN
LG17575,24-Feb-16,Lead,1,Copper,0,COPEMAN  ,FLINT,48504,FS0420,Copper,KITCHEN
LG17576,24-Feb-16,Lead,0,Copper,60,ARLENE AVE ,FLINT,48532,FS1851,Copper,KITCHEN
LG17577,24-Feb-16,Lead,6,Copper,230,COPEMAN  ,FLINT,48504,FS0427,Copper,KITCHEN
LG17578,24-Feb-16,Lead,0,Copper,80,BURROUGHS  ,FLINT,48507,FS1261,Copper,KITCHEN
LG17579,24-Feb-16,Lead,4,Copper,100,HOGARTH  ,FLINT,48532,FS2362,Copper,KITCHEN
LG17580,24-Feb-16,Lead,4,Copper,80,FRANK ST ,FLINT,48504,FS2267,Copper,KITCHEN
LG17581,24-Feb-16,Lead,2,Copper,90,SOUTH DR ,FLINT,48503,FS2033,Unknown,KITCHEN
LG17582,24-Feb-16,Lead,0,Copper,0,BRANDON ST ,FLINT,48503,FS1966,Copper,KITCHEN
LG17583,24-Feb-16,Lead,0,Copper,0,DURRAND  ,FLINT,48503,FS1443,Copper,KITCHEN
LG17584,24-Feb-16,Lead,0,Copper,0,NOLEA DR ,FLINT,48504,FS1578,Copper,KITCHEN
LG17585,24-Feb-16,Lead,16,Copper,0,FRANK  ,FLINT,48505,FS2313,Copper,KITCHEN
LG17586,24-Feb-16,Lead,20,Copper,170,BRENTWOOD DR ,FLINT,48503,FS0641,Copper,KITCHEN
LG17587,24-Feb-16,Lead,2,Copper,0,FRANK ST ,FLINT,48505,FS2046,Galvanized,KITCHEN
LG17588,24-Feb-16,Lead,2,Copper,0,GREENFIELD  ,FLINT,48503,FS2029,Unknown,BATHROOM
LG17589,24-Feb-16,Lead,0,Copper,0,E GENESEE ,FLINT,48505,FS2000,Copper,BATHROOM
LG17590,24-Feb-16,Lead,1,Copper,320,FRANK  ,FLINT,48504,FS2245,Copper,BATHROOM
LG17591,24-Feb-16,Lead,11,Copper,0,FRANK ST ,FLINT,48504,FS2260,Copper,BATHROOM
LG17592,24-Feb-16,Lead,1,Copper,0,KENSINGTON AVE ,FLINT,48503,FS1771,Copper,BATHROOM
LG17594,24-Feb-16,Lead,8,Copper,0,E COURT ST,FLINT,48503,FS2080,Unknown,BATHROOM
LG17595,24-Feb-16,Lead,4,Copper,0,CHAMBER ST ,FLINT,48507,FS1971,Copper,BATHROOM
LG17596,24-Feb-16,Lead,45,Copper,80,BROOKSIDE DR ,FLINT,48503,FS2703,Unknown,BATHROOM
LG17597,24-Feb-16,Lead,30,Copper,0,BLANCHARD AVE ,FLINT,48503,FS1749,Copper,BATHROOM
LG17598,24-Feb-16,Lead,7,Copper,0,BLANCHARD AVE ,FLINT,48503,FS1260,Galvanized,BATHROOM HOT WATER
LG17599,24-Feb-16,Lead,0,Copper,0,PIERCE ST ,FLINT,48503,FS1383,Unknown,BATHROOM
LG17600,24-Feb-16,Lead,0,Copper,170,E MCCLELLAN ST,FLINT,48505,FS2131,Galvanized,BATHROOM
LG17601,24-Feb-16,Lead,6,Copper,70,COPEMAN BLVD ,FLINT,48504,FS0716,Copper,BATHROOM
LG17602,24-Feb-16,Lead,7,Copper,0,COLLINGWOOD PARKWAY ,FLINT,48503,FS1006,,BATHROOM
LG17603,24-Feb-16,Lead,91,Copper,400,SHERWOOD DR ,FLINT,48503,FS1444,Copper,BATHROOM
LG17604,24-Feb-16,Lead,0,Copper,0,BLANCHARD  ,FLINT,48503,FS1613,,BATHROOM
LG17605,24-Feb-16,Lead,61,Copper,280,LARCHMONT  ,FLINT,48532,FS2708,Unknown,BATHROOM
LG17606,24-Feb-16,Lead,3,Copper,120,BRENTWOOD DR ,FLINT,48503,FS1718,Copper,BATHROOM
LG17607,24-Feb-16,Lead,0,Copper,70,WHITNEY AVE ,FLINT,48532,FS2608,Copper,
LG17608,24-Feb-16,Lead,0,Copper,0,HERRIK STREET ,FLINT,48532,FS1437,Copper,KITCHEN
LG17609,24-Feb-16,Lead,8,Copper,0,OLIVER ST ,FLINT,48503,FS1170,Unknown,BATHROOM
LG17610,24-Feb-16,Lead,0,Copper,50,BROWNING  ,FLINT,48507,FS2024,Copper,KITCHEN
LG17611,24-Feb-16,Lead,0,Copper,60,MILTON  ,FLINT,48507,FS2683,Unknown,KITCHEN
LG17612,24-Feb-16,Lead,109,Copper,390,BROOKSIDE DR ,FLINT,48503,FS2703,Unknown,BATHROOM
LG17613,24-Feb-16,Lead,0,Copper,0,BROWNING AVE ,FLINT,48507,FS2028,Copper,KITCHEN
LG17614,24-Feb-16,Lead,3,Copper,0,BLANCHARD AVE ,FLINT,48503,FS1642,Galvanized,KITCHEN
LG17615,24-Feb-16,Lead,0,Copper,0,BROWNING AVE ,FLINT,48507,FS2622,Copper,KITCHEN
LG17616,24-Feb-16,Lead,2,Copper,0,E TOBIAS ST,FLINT,48503,FS1334,Galvanized,KITCHEN
LG17617,24-Feb-16,Lead,0,Copper,170,OLIVER  ,FLINT,48503,FS1172,Galvanized,KITCHEN
LG17618,24-Feb-16,Lead,0,Copper,130,BROWNING AVE ,FLINT,48507,FS2455,Copper,KITCHEN
LG17619,24-Feb-16,Lead,2,Copper,0,TOBIAS  ,FLINT,48503,FS1212,Copper,BATHROOM
LG17620,24-Feb-16,Lead,0,Copper,310,BLANCHARD AVE ,FLINT,48503,FS1993,Galvanized,KITCHEN
LG17621,24-Feb-16,Lead,2,Copper,0,E EDDINGTON ,FLINT,48503,FS2003,Galvanized,KITCHEN
LG17622,24-Feb-16,Lead,0,Copper,0,TENNYSON  ,FLINT,48507,FS1047,Copper,KITCHEN
LG17623,24-Feb-16,Lead,0,Copper,0,WALDMAN  ,FLINT,48507,FS1591,,KITCHEN
LG17624,24-Feb-16,Lead,0,Copper,0,TENNYSON  ,FLINT,48507,FS2026,Copper,KITCHEN
LG17625,24-Feb-16,Lead,0,Copper,0,BLANCHARD AVE ,FLINT,48503,FS2323,Galvanized,KITCHEN
LG17626,24-Feb-16,Lead,1,Copper,0,BLANCHARD  ,FLINT,48503,FS1722,Galvanized,KITCHEN
LG17627,24-Feb-16,Lead,2,Copper,90,BLANCHARD AVE ,FLINT,48503,FS1761,Galvanized,KITCHEN
LG17628,24-Feb-16,Lead,1,Copper,0,BLANCHARD  ,FLINT,48503,FS1766,Copper,
LG17629,24-Feb-16,Lead,0,Copper,0,BLANCHARD  ,FLINT,48503,FS1445,Copper,KITCHEN
LG17630,24-Feb-16,Lead,20,Copper,90,S FRANKLIN ,FLINT,48503,FS1764,Unknown,KITCHEN
LG17631,24-Feb-16,Lead,0,Copper,0,BLANCHARD  ,FLINT,48503,FS1638,Copper,KITCHEN
LG17632,24-Feb-16,Lead,0,Copper,190,BURROUGHS  ,FLINT,48507,FS1442,Copper,KITCHEN
LG17633,24-Feb-16,Lead,8,Copper,0,BLANCHARD  ,FLINT,48503,FS2376,Galvanized,KITCHEN
LG17634,24-Feb-16,Lead,1,Copper,0,BLANCHARD  ,FLINT,48503,FS1728,Copper,KITCHEN
LG17635,24-Feb-16,Lead,7,Copper,50,LINWOOD  ,FLINT,48503,FS2324,Copper,KITCHEN
LG17652,24-Feb-16,Lead,0,Copper,60,MALLERY ST ,FLINT,48504,FS0765,Unknown,KITCHEN
LG17653,24-Feb-16,Lead,6,Copper,0,JACKSON  ,FLINT,48505,FS2284,Copper,
LG17654,24-Feb-16,Lead,48,Copper,430,E DARTMOUTH ,FLINT,48505,FS1289,Copper,
LG17655,24-Feb-16,Lead,4,Copper,0,COPEMAN BLVD ,FLINT,48504,FS0418,Copper,KITCHEN
LG17656,24-Feb-16,Lead,0,Copper,70,BROWNING AVE ,FLINT,48507,FS1698,Copper,KITCHEN
LG17657,24-Feb-16,Lead,17,Copper,70,E LIVINGSTON DR,FLINT,48503,FS1362,Galvanized,KITCHEN
LG17658,24-Feb-16,Lead,4,Copper,0,EDWIN AVE ,FLINT,48505,FS1087,Galvanized,KITCHEN
LG17659,24-Feb-16,Lead,0,Copper,0,W 6TH ST,FLINT,48503,FS2193,Copper,KITCHEN
LG17660,24-Feb-16,Lead,4,Copper,0,CEDAR  ,FLINT,48503,FS1962,Galvanized,KITCHEN
LG17661,24-Feb-16,Lead,0,Copper,0,CRAWFORD ST ,FLINT,48507,FS2514,Copper,KITCHEN
LG17662,24-Feb-16,Lead,2,Copper,0,CLINTON ST ,FLINT,48507,FS2079,Copper,KITCHEN
LG17663,24-Feb-16,Lead,1,Copper,0,E BAKER STREET,FLINT,48505,FS2220,Copper,KITCHEN
LG17664,24-Feb-16,Lead,0,Copper,0,CASSIUS ST ,FLINT,48505,FS1700,Galvanized,KITCHEN
LG17665,24-Feb-16,Lead,0,Copper,0,CRAWFORD ST ,FLINT,48507,FS1668,Copper,KITCHEN
LG17666,24-Feb-16,Lead,19,Copper,120,JACKSON AVE ,FLINT,48505,FS1522,,KITCHEN
LG17667,24-Feb-16,Lead,0,Copper,0,MASON ST ,FLINT,48505,FS1466,Galvanized,KITCHEN
LG17668,24-Feb-16,Lead,7,Copper,70,GREEN ST ,FLINT,48503,FS1900,Galvanized,KITCHEN
LG17669,24-Feb-16,Lead,0,Copper,0,MASON ST ,FLINT,48505,FS1891,Copper,KITCHEN
LG17670,24-Feb-16,Lead,0,Copper,0,HERRICK ST ,FLINT,48532,FS1031,,KITCHEN
LG17671,24-Feb-16,Lead,4,Copper,160,MASON ST ,FLINT,48505,FS1439,Copper,KITCHEN
LG17672,24-Feb-16,Lead,0,Copper,0,MASON ST ,FLINT,48505,FS1627,Copper,KITCHEN
LG17673,24-Feb-16,Lead,1,Copper,0,MASON ST ,FLINT,48505,FS1039,Copper,KITCHEN
LG17674,24-Feb-16,Lead,0,Copper,0,BRANDON  ,FLINT,48503,FS2234,Copper,KITCHEN
LG17675,24-Feb-16,Lead,7,Copper,150,HOGARTH AVE ,FLINT,48503,FS0993,Copper,KITCHEN
LG17676,24-Feb-16,Lead,0,Copper,0,LARCHMONT  ,FLINT,48503,FS1226,Copper,KITCHEN
LG17677,24-Feb-16,Lead,0,Copper,210,ARLENE AVE ,FLINT,48532,FS1586,Copper,KITCHEN
LG17678,24-Feb-16,Lead,4,Copper,0,HOGARTH AVE ,FLINT,48503,FS2188,Lead,KITCHEN
LG17679,24-Feb-16,Lead,0,Copper,0,CLAIRMONT  ,FLINT,48503,FS1127,Copper,KITCHEN
LG17680,24-Feb-16,Lead,7,Copper,50,WHITNEY  ,FLINT,48532,FS1580,Copper,KITCHEN
LG17681,24-Feb-16,Lead,26,Copper,340,LARCHMONT  ,FLINT,48503,FS2657,Copper,KITCHEN
LG17682,24-Feb-16,Lead,3,Copper,380,HOGARTH AVE ,FLINT,48503,FS1014,Lead,KITCHEN
LG17683,24-Feb-16,Lead,0,Copper,0,ARLENE AVE ,FLINT,48532,FS1079,Copper,KITCHEN
LG17684,24-Feb-16,Lead,3,Copper,170,BRANDON ST ,FLINT,48503,FS2228,Galvanized,KITCHEN
LG17685,24-Feb-16,Lead,8,Copper,0,CLAIRMONT  ,FLINT,48503,FS1978,Copper,KITCHEN
LG18068,24-Feb-16,Lead,9,Copper,0,MALLERY  ,FLINT,48505,FS0910,,KITCHEN
LG18069,24-Feb-16,Lead,3,Copper,330,CRESCENT DRIVE ,FLINT,48503,FS1516,,MASTER BATHROOM
LG18070,24-Feb-16,Lead,6,Copper,0,CRESCENT DR ,FLINT,48503,FS1516,,MAIN BATHROOM
LG18071,24-Feb-16,Lead,26,Copper,100,ARROW LN ,FLINT,48507,FS2676,,SERVICE LINE IN BASEMENT
LG18072,24-Feb-16,Lead,0,Copper,0,E MCCLELLAN ST,FLINT,48505,FS1423,,KITCHEN
LG18083,25-Feb-16,Lead,0,Copper,0,BARTA ST ,FLINT,48504,FS0957,,KITCHEN
LG18084,25-Feb-16,Lead,0,Copper,70,AVENUE B ,FLINT,48503,FS1523,Galvanized,KITCHEN
LG18085,25-Feb-16,Lead,0,Copper,50,AVENUE B ,FLINT,48503,FS1128,Copper,KITCHEN
LG18086,25-Feb-16,Lead,0,Copper,0,WINONA ST ,FLINT,48505,FS0416,Copper,KITCHEN
LG18087,25-Feb-16,Lead,0,Copper,70,BARTH ST ,FLINT,48504,FS1665,Galvanized,KITCHEN
LG18088,25-Feb-16,Lead,2,Copper,60,LAWNDALE  ,FLINT,48504,FS1361,Copper,KITCHEN
LG18089,25-Feb-16,Lead,7,Copper,0,AVENUE B ,FLINT,48503,FS2012,Copper,KITCHEN
LG18090,25-Feb-16,Lead,3,Copper,240,GREEN STREET ,FLINT,48503,FS1893,Galvanized,KITCHEN
LG18091,25-Feb-16,Lead,0,Copper,0,BARTH ST ,FLINT,48504,FS0638,Galvanized,KITCHEN
LG18092,25-Feb-16,Lead,7,Copper,50,MACKIN RD ,FLINT,48504,FS0667,Unknown,KITCHEN
LG18093,25-Feb-16,Lead,0,Copper,0,GARLAND  ,FLINT,48503,FS2231,Unknown,KITCHEN
LG18094,25-Feb-16,Lead,7,Copper,200,SENECA  ,FLINT,48504,FS0412,Copper,KITCHEN
LG18095,25-Feb-16,Lead,7,Copper,0,CLINTON ST ,FLINT,48507,FS0246,,KITCHEN
LG18096,25-Feb-16,Lead,5,Copper,0,MALLORY ST ,FLINT,48504,FS0935,Lead,KITCHEN
LG18097,25-Feb-16,Lead,5,Copper,0,MALLERY  ,FLINT,48504,FS0886,Lead,KITCHEN
LG18098,25-Feb-16,Lead,42,Copper,770,BERKLEY AVE ,FLINT,48504,FS0423,Unknown,KITCHEN
LG18099,25-Feb-16,Lead,3,Copper,80,PROSPECT  ,FLINT,48504,FS0407,Unknown,KITCHEN
LG18100,25-Feb-16,Lead,6,Copper,100,MALLERY ST ,FLINT,48504,FS0973,Lead,KITCHEN
LG18101,25-Feb-16,Lead,0,Copper,0,GENESEE  ,FLINT,48504,FS2007,Unknown,KITCHEN
LG18102,25-Feb-16,Lead,0,Copper,0,MACKIN RD ,FLINT,48504,FS0688,Galvanized,KITCHEN
LG18103,25-Feb-16,Lead,0,Copper,0,ASLYUM ST ,FLINT,48503,FS0395,,BATHROOM
LG18104,25-Feb-16,Lead,2,Copper,0,FOREST HILL ,FLINT,48504,FS1892,Copper,KITCHEN
LG18105,25-Feb-16,Lead,3,Copper,90,MACKIN RD ,FLINT,48504,FS0410,Unknown,KITCHEN
LG18106,25-Feb-16,Lead,8,Copper,0,MALLERY  ,FLINT,48504,FS0984,Lead,KITCHEN
LG18107,25-Feb-16,Lead,2,Copper,0,WELCH  ,FLINT,48504,FS0682,Copper,KITCHEN
LG18108,25-Feb-16,Lead,0,Copper,0,WALTER  ,FLINT,48504,FS0870,Copper,KITCHEN
LG18109,25-Feb-16,Lead,172,Copper,490,ALEXANDER STREET ,FLINT,48505,FS2707,Unknown,
LG18110,25-Feb-16,Lead,0,Copper,0,W MCCLELLAN ST,FLINT,48505,FS1532,Copper,BATHROOM
LG18111,25-Feb-16,Lead,2,Copper,0,E ALMA ,FLINT,48505,FS2133,Copper,KITCHEN
LG18112,25-Feb-16,Lead,1,Copper,0,JACKSON APT 1,FLINT,48505,FS1126,Galvanized,KITCHEN
LG18113,25-Feb-16,Lead,3,Copper,110,W GENESEE ST,FLINT,48504,FS2119,Copper,KITCHEN
LG18114,25-Feb-16,Lead,0,Copper,80,PROSPECT ST ,FLINT,48504,FS0403,Unknown,KITCHEN
LG18115,25-Feb-16,Lead,1,Copper,0,E AUSTIN AVE,FLINT,48505,FS1167,Lead,BATHROOM
LG18116,25-Feb-16,Lead,0,Copper,60,W FOSS AVE,FLINT,48505,FS1202,Copper,KITCHEN
LG18117,25-Feb-16,Lead,0,Copper,0,E YORK AVE,FLINT,48505,FS2198,Copper,KITCHEN
LG18118,25-Feb-16,Lead,2,Copper,0,E HOBSON ,FLINT,48505,FS2032,Copper,KITCHEN
LG18119,25-Feb-16,Lead,12,Copper,390,ROBBIE  ,FLINT,48505,FS1141,Copper,KITCHEN
LG18120,25-Feb-16,Lead,0,Copper,70,E ALMA AVE,FLINT,48505,FS2128,Copper,KITCHEN
LG18121,25-Feb-16,Lead,2,Copper,230,E BAKER ,FLINT,48505,FS1363,Galvanized,KITCHEN
LG18122,25-Feb-16,Lead,0,Copper,0,EAST YORK ,FLINT,48505,FS1330,Copper,KITCHEN
LG18123,25-Feb-16,Lead,0,Copper,0,WINTHROP BLVD ,FLINT,48505,FS1415,Copper,KITCHEN
LG18124,25-Feb-16,Lead,3,Copper,200,MARTIN LUTHER KING,FLINT,48505,FS1419,Copper,
LG18125,25-Feb-16,Lead,4,Copper,250,IRENE AVE ,FLINT,48503,FS1691,Galvanized,BATHROOM
LG18126,25-Feb-16,Lead,3,Copper,250,ROBBIE LANE ,FLINT,48505,FS2349,Unknown,KITCHEN
LG18127,25-Feb-16,Lead,2,Copper,0,IRENE AVE ,FLINT,48503,FS2497,Galvanized,KITCHEN
LG18128,25-Feb-16,Lead,0,Copper,0,GRANDY  ,FLINT,48503,FS1975,Copper,KITCHEN
LG18129,25-Feb-16,Lead,10,Copper,280,E YORK ,FLINT,48505,FS1004,Copper,KITCHEN
LG18130,25-Feb-16,Lead,3,Copper,80,W ALMA ,FLINT,48505,FS2195,Copper,KITCHEN
LG18131,25-Feb-16,Lead,0,Copper,0,GREEN ST ,FLINT,48503,FS1519,,KITCHEN
LG18132,25-Feb-16,Lead,7,Copper,50,PROSPECT ST ,FLINT,48504,FS2702,,BATHROOM
LG18133,25-Feb-16,Lead,0,Copper,0,E GENESEE ,FLINT,48505,FS2124,,KITCHEN
LG18134,25-Feb-16,Lead,3,Copper,70,LAWNDALE AVE ,FLINT,48504,FS1520,Galvanized,
LG18135,25-Feb-16,Lead,0,Copper,80,W GENESEE ST,FLINT,48505,FS1480,Copper,KITCHEN
LG18484,26-Feb-16,Lead,0,Copper,0,S CUMBERLAND ,FLINT,48503,FS0180,Copper,BATHROOM
LG18485,26-Feb-16,Lead,0,Copper,0,LINCOLN AVE ,FLINT,48507,FS2474,,KITCHEN
LG18518,26-Feb-16,Lead,1,Copper,50,STARKWEATHER  ,FLINT,48506,FS2127,Copper,KITCHEN
LG18519,26-Feb-16,Lead,1,Copper,0,NEW YORK AVE,FLINT,48506,FS1074,Galvanized,KITCHEN
LG18520,26-Feb-16,Lead,0,Copper,260,JANE AVE ,FLINT,48506,FS1738,Galvanized,KITCHEN
LG18521,26-Feb-16,Lead,1,Copper,0,NEW YORK ,FLINT,48506,FS2355,Copper,KITCHEN
LG18522,26-Feb-16,Lead,0,Copper,0,WOODROW AVE ,FLINT,48506,FS2345,Unknown,KITCHEN
LG18523,26-Feb-16,Lead,0,Copper,0,DALE  ,FLINT,48506,FS1992,Unknown,
LG18524,26-Feb-16,Lead,2,Copper,60,HOLLY AVE ,FLINT,48506,FS1327,Unknown,
LG18525,26-Feb-16,Lead,3,Copper,0,DAKOTA  ,FLINT,48506,FS1059,Copper,KITCHEN
LG18526,26-Feb-16,Lead,0,Copper,0,DALE  ,FLINT,48506,FS2010,,KITCHEN
LG18527,26-Feb-16,Lead,0,Copper,0,  ,FLINT,48506,FS2351,Copper,KITCHEN
LG18528,26-Feb-16,Lead,1,Copper,0,NEW YORK AVE,FLINT,48506,FS1855,Copper,KITCHEN
LG18529,26-Feb-16,Lead,0,Copper,0,HOLLY  ,FLINT,48506,FS1601,Unknown,BATHROOM
LG18530,26-Feb-16,Lead,18,Copper,220,DALE  ,FLINT,48506,FS2009,Copper,BATHROOM
LG18531,26-Feb-16,Lead,0,Copper,0,WOODROW  ,FLINT,48506,FS2233,Copper,KITCHEN
LG18532,26-Feb-16,Lead,4,Copper,90,HOLLY AVE ,FLINT,48506,FS2346,Unknown,
LG18533,26-Feb-16,Lead,0,Copper,0,DALE  ,FLINT,48506,FS2714,,
LG18534,26-Feb-16,Lead,0,Copper,130,  ,FLINT,48503,FS2222,Copper,KITCHEN
LG18535,26-Feb-16,Lead,0,Copper,0,CAMPBELL  ,FLINT,48507,FS2616,Copper,KITCHEN
LG18536,26-Feb-16,Lead,4,Copper,0,LAWNDALE AVE ,FLINT,48504,FS2165,Galvanized,KITCHEN
LG18537,26-Feb-16,Lead,7,Copper,0,PENNSYLVANIA  ,FLINT,48506,FS1682,Copper,KITCHEN
LG18538,26-Feb-16,Lead,2,Copper,0,LAFAYETTE  ,FLINT,48503,FS1983,Copper,KITCHEN
LG18539,26-Feb-16,Lead,10,Copper,80,MAPLEWOOD  ,FLINT,48506,FS2367,Copper,KITCHEN
LG18540,26-Feb-16,Lead,2,Copper,60,E BAKER ,FLINT,48505,FS1980,Galvanized,KITCHEN
LG18541,26-Feb-16,Lead,0,Copper,0,WOODROW AVE ,FLINT,48506,FS1213,Copper,KITCHEN
LG18542,26-Feb-16,Lead,134,Copper,140,W PATERSON ST,FLINT,48503,FS2716,,KITCHEN
LG18543,26-Feb-16,Lead,0,Copper,0,BURROUGHS  ,FLINT,48507,FS1247,Copper,KITCHEN
LG18544,26-Feb-16,Lead,4,Copper,0,MAPLEWOOD  ,FLINT,48506,FS2015,,KITCHEN
LG18545,26-Feb-16,Lead,0,Copper,0,ROBBIE  ,FLINT,48505,FS1007,Copper,KITCHEN
LG18546,26-Feb-16,Lead,0,Copper,0,LAFAYETTE  ,FLINT,48503,FS1897,Copper,KITCHEN
LG18547,26-Feb-16,Lead,5,Copper,110,FERNDALE DR ,FLINT,48503,FS2717,,KITCHEN
LG18548,26-Feb-16,Lead,75,Copper,120,  ,FLINT,,FS1517,Galvanized,KITCHEN
LG18549,26-Feb-16,Lead,1,Copper,150,ROBBIE  ,FLINT,48505,FS1917,Copper,KITCHEN
LG18551,26-Feb-16,Lead,2,Copper,230,JANE  ,FLINT,48506,FS1730,Copper,KITCHEN
LG18552,26-Feb-16,Lead,0,Copper,0,2ND AVE ,FLINT,48503,FS2011,Copper,KITCHEN
LG18553,26-Feb-16,Lead,2,Copper,0,S FRANKLIN AVE,FLINT,48503,FS1417,Copper,KITCHEN
LG18554,26-Feb-16,Lead,4,Copper,200,CLOVERDALE  ,FLINT,48506,FS0565,Copper,KITCHEN
LG18650,27-Feb-16,Lead,0,Copper,0,E JACKSON ,FLINT,48505,FS1206,,KITCHEN
LG18692,28-Feb-16,Lead,44,Copper,60,COLTAGE GROVE AVE,FLINT,48504,FS2631,,BATHROOM
LG18693,28-Feb-16,Lead,2,Copper,0,MATHEWSON  ,FLINT,48504,FS1548,,BATHROOM
LG18694,28-Feb-16,Lead,0,Copper,0,OGEMA  ,FLINT,48507,FS1036,,KITCHEN
LG18700,29-Feb-16,Lead,4,Copper,0,RASROB  ,FLINT,48504,FS2717,,KITCHEN
LG18701,29-Feb-16,Lead,4,Copper,350,N GRAND TRAVERS,FLINT,48503,FS2691,,KITCHEN
LG18702,29-Feb-16,Lead,3,Copper,0,MACKIN RD ,FLINT,48504,FS0357,Copper,BATHROOM
LG18703,29-Feb-16,Lead,0,Copper,80,N GRAND TRAVERS,FLINT,48503,FS2691,,BATHROOM
LG18753,29-Feb-16,Lead,0,Copper,110,MALLERY ST ,FLINT,48504,FS0861,,KITCHEN
LG18754,29-Feb-16,Lead,1,Copper,280,MASON ST ,FLINT,48503,FS2348,,KITCHEN
